<?xml version="1.0" encoding="UTF-8"?>
<configurationDescriptor version="100">
  <logicalFolder name="root" displayName="root" projectFiles="true" kind="ROOT">
    <df root="." name="0">
      <df name=".vscode">
      </df>
      <df name="muscle.dSYM">
        <df name="Contents">
          <df name="Resources">
            <df name="DWARF">
            </df>
          </df>
        </df>
      </df>
      <in>aligngivenpath.cpp</in>
      <in>aligngivenpathsw.cpp</in>
      <in>aligntwomsas.cpp</in>
      <in>aligntwoprofs.cpp</in>
      <in>aln.cpp</in>
      <in>alpha.cpp</in>
      <in>alpha.h</in>
      <in>anchors.cpp</in>
      <in>bittraceback.cpp</in>
      <in>blosum62.cpp</in>
      <in>blosumla.cpp</in>
      <in>clust.cpp</in>
      <in>clust.h</in>
      <in>cluster.cpp</in>
      <in>cluster.h</in>
      <in>clustset.h</in>
      <in>clustsetdf.h</in>
      <in>clustsetmsa.h</in>
      <in>clwwt.cpp</in>
      <in>color.cpp</in>
      <in>cons.cpp</in>
      <in>diaglist.cpp</in>
      <in>diaglist.h</in>
      <in>diffobjscore.cpp</in>
      <in>diffpaths.cpp</in>
      <in>difftrees.cpp</in>
      <in>difftreese.cpp</in>
      <in>distcalc.cpp</in>
      <in>distcalc.h</in>
      <in>distfunc.cpp</in>
      <in>distfunc.h</in>
      <in>distpwkimura.cpp</in>
      <in>domuscle.cpp</in>
      <in>dosp.cpp</in>
      <in>dpregionlist.h</in>
      <in>dpreglist.cpp</in>
      <in>dpreglist.h</in>
      <in>drawtree.cpp</in>
      <in>edgelist.cpp</in>
      <in>edgelist.h</in>
      <in>enumopts.cpp</in>
      <in>enumopts.h</in>
      <in>enums.h</in>
      <in>enumtostr.cpp</in>
      <in>estring.cpp</in>
      <in>estring.h</in>
      <in>fasta.cpp</in>
      <in>fasta2.cpp</in>
      <in>fastclust.cpp</in>
      <in>fastdist.cpp</in>
      <in>fastdistjones.cpp</in>
      <in>fastdistkbit.cpp</in>
      <in>fastdistkmer.cpp</in>
      <in>fastdistmafft.cpp</in>
      <in>fastdistnuc.cpp</in>
      <in>fastscorepath2.cpp</in>
      <in>finddiags.cpp</in>
      <in>finddiagsn.cpp</in>
      <in>gapscoredimer.h</in>
      <in>glbalign.cpp</in>
      <in>glbalign352.cpp</in>
      <in>glbaligndiag.cpp</in>
      <in>glbalignle.cpp</in>
      <in>glbalignsimple.cpp</in>
      <in>glbalignsp.cpp</in>
      <in>glbalignspn.cpp</in>
      <in>glbalignss.cpp</in>
      <in>glbalndimer.cpp</in>
      <in>globals.cpp</in>
      <in>globalslinux.cpp</in>
      <in>globalsosx.cpp</in>
      <in>globalsother.cpp</in>
      <in>globalswin32.cpp</in>
      <in>gonnet.cpp</in>
      <in>gonnet.h</in>
      <in>henikoffweight.cpp</in>
      <in>henikoffweightpb.cpp</in>
      <in>html.cpp</in>
      <in>hydro.cpp</in>
      <in>intmath.cpp</in>
      <in>intmath.h</in>
      <in>local.cpp</in>
      <in>main.cpp</in>
      <in>makerootmsa.cpp</in>
      <in>makerootmsab.cpp</in>
      <in>maketree.cpp</in>
      <in>manutility.h</in>
      <in>mhack.cpp</in>
      <in>mpam200.cpp</in>
      <in>msa.cpp</in>
      <in>msa.h</in>
      <in>msa2.cpp</in>
      <in>msadist.h</in>
      <in>msadistkimura.cpp</in>
      <in>msadistkimura.h</in>
      <in>msadistmafft.h</in>
      <in>msf.cpp</in>
      <in>muscle.cpp</in>
      <in>muscle.h</in>
      <in>muscleout.cpp</in>
      <in>nucmx.cpp</in>
      <in>nwdasimple.cpp</in>
      <in>nwdasimple2.cpp</in>
      <in>nwdasmall.cpp</in>
      <in>nwrec.cpp</in>
      <in>nwsmall.cpp</in>
      <in>objscore.cpp</in>
      <in>objscore.h</in>
      <in>objscore2.cpp</in>
      <in>objscoreda.cpp</in>
      <in>onexception.cpp</in>
      <in>options.cpp</in>
      <in>outweights.cpp</in>
      <in>pam200mafft.cpp</in>
      <in>params.cpp</in>
      <in>params.h</in>
      <in>phy.cpp</in>
      <in>phy2.cpp</in>
      <in>phy3.cpp</in>
      <in>phy4.cpp</in>
      <in>phyfromclust.cpp</in>
      <in>phyfromfile.cpp</in>
      <in>physeq.cpp</in>
      <in>phytofile.cpp</in>
      <in>posgap.cpp</in>
      <in>ppscore.cpp</in>
      <in>profdb.cpp</in>
      <in>profile.cpp</in>
      <in>profile.h</in>
      <in>profilefrommsa.cpp</in>
      <in>progalign.cpp</in>
      <in>progress.cpp</in>
      <in>progressivealign.cpp</in>
      <in>pwpath.cpp</in>
      <in>pwpath.h</in>
      <in>readmx.cpp</in>
      <in>realigndiffs.cpp</in>
      <in>realigndiffse.cpp</in>
      <in>refine.cpp</in>
      <in>refinehoriz.cpp</in>
      <in>refinesubfams.cpp</in>
      <in>refinetree.cpp</in>
      <in>refinetreee.cpp</in>
      <in>refinevert.cpp</in>
      <in>refinew.cpp</in>
      <in>savebest.cpp</in>
      <in>scoredist.cpp</in>
      <in>scoregaps.cpp</in>
      <in>scorehistory.cpp</in>
      <in>scorehistory.h</in>
      <in>scorepp.cpp</in>
      <in>seq.cpp</in>
      <in>seq.h</in>
      <in>seqvect.cpp</in>
      <in>seqvect.h</in>
      <in>setblosumweights.cpp</in>
      <in>setgscweights.cpp</in>
      <in>setnewhandler.cpp</in>
      <in>spfast.cpp</in>
      <in>sptest.cpp</in>
      <in>stabilize.cpp</in>
      <in>subfam.cpp</in>
      <in>subfams.cpp</in>
      <in>svnversion.h</in>
      <in>sw.cpp</in>
      <in>termgaps.cpp</in>
      <in>textfile.cpp</in>
      <in>textfile.h</in>
      <in>threewaywt.cpp</in>
      <in>timing.h</in>
      <in>tomhydro.cpp</in>
      <in>traceback.cpp</in>
      <in>tracebackopt.cpp</in>
      <in>tracebacksw.cpp</in>
      <in>tree.h</in>
      <in>treefrommsa.cpp</in>
      <in>types.h</in>
      <in>typetostr.cpp</in>
      <in>unixio.h</in>
      <in>upgma2.cpp</in>
      <in>usage.cpp</in>
      <in>validateids.cpp</in>
      <in>vtml2.cpp</in>
      <in>writescorefile.cpp</in>
    </df>
  </logicalFolder>
  <projectmakefile>Makefile</projectmakefile>
  <confs>
    <conf name="Default" type="0">
      <toolsSet>
        <developmentServer>localhost</developmentServer>
        <platform>4</platform>
      </toolsSet>
      <compile>
        <compiledirpicklist>
          <compiledirpicklistitem>.</compiledirpicklistitem>
          <compiledirpicklistitem>${AUTO_FOLDER}</compiledirpicklistitem>
        </compiledirpicklist>
        <compiledir>${AUTO_FOLDER}</compiledir>
        <compilecommandpicklist>
          <compilecommandpicklistitem>${MAKE} ${ITEM_NAME}.o</compilecommandpicklistitem>
          <compilecommandpicklistitem>${AUTO_COMPILE}</compilecommandpicklistitem>
        </compilecommandpicklist>
        <compilecommand>${AUTO_COMPILE}</compilecommand>
      </compile>
      <dbx_gdbdebugger version="1">
        <gdb_pathmaps>
        </gdb_pathmaps>
        <gdb_interceptlist>
          <gdbinterceptoptions gdb_all="false" gdb_unhandled="true" gdb_unexpected="true"/>
        </gdb_interceptlist>
        <gdb_options>
          <DebugOptions>
          </DebugOptions>
        </gdb_options>
        <gdb_buildfirst gdb_buildfirst_overriden="false" gdb_buildfirst_old="false"/>
      </dbx_gdbdebugger>
      <nativedebugger version="1">
        <engine>gdb</engine>
      </nativedebugger>
      <runprofile version="9">
        <runcommandpicklist>
          <runcommandpicklistitem>"${OUTPUT_PATH}" -in temp -out foo</runcommandpicklistitem>
          <runcommandpicklistitem>"${OUTPUT_PATH}" -in temp -out foo -</runcommandpicklistitem>
          <runcommandpicklistitem>"${OUTPUT_PATH}" -in temp -out foo -objscore</runcommandpicklistitem>
          <runcommandpicklistitem>"${OUTPUT_PATH}" -in temp -out foo -objscore sp -maxiter 5</runcommandpicklistitem>
          <runcommandpicklistitem>"${OUTPUT_PATH}" -in temp -out foo -objscore sp</runcommandpicklistitem>
          <runcommandpicklistitem>"${OUTPUT_PATH}" -in temp -out foo -objscore sp -maxiters 5</runcommandpicklistitem>
          <runcommandpicklistitem>"${OUTPUT_PATH}" -maxiters 5 -in temp -out foo -objscore sp </runcommandpicklistitem>
          <runcommandpicklistitem>"${OUTPUT_PATH}" -maxiters 5  -gapopen 0.8 -simg 0.5  -in temp -out foo -objscore sp</runcommandpicklistitem>
          <runcommandpicklistitem>"${OUTPUT_PATH}" -maxiters 5  -gapopen 0.8  -in temp -out foo -objscore sp</runcommandpicklistitem>
          <runcommandpicklistitem>"${OUTPUT_PATH}" -maxiters 5  -simg 0.4  -in temp -out foo -objscore sp</runcommandpicklistitem>
        </runcommandpicklist>
        <runcommand>"${OUTPUT_PATH}" -maxiters 5  -simg 0.4  -in temp -out foo -objscore sp</runcommand>
        <rundir>.</rundir>
        <buildfirst>false</buildfirst>
        <terminal-type>0</terminal-type>
        <remove-instrumentation>0</remove-instrumentation>
        <environment>
        </environment>
      </runprofile>
    </conf>
  </confs>
</configurationDescriptor>
